id,sid,name,lastupdate,totalshare,top10total,floatshare,top10float,list,weight,firstlevel,secondlevel,note,ext1,ext2,location,valid
7,sz000006,深振业Ａ,"2015-02-19 00:00:00",135013,55,133892,55,"750,1500,3000",1.5,房地产,房地产开发,NULL,NULL,NULL,广东省,1
10,sz000009,中国宝安,"2015-02-19 00:00:00",150613,25,149002,25,"750,1500,3000",1.5,综合,综合,NULL,NULL,NULL,广东省,1
13,sz000012,"南  玻Ａ","2015-02-19 00:00:00",207629,13,206677,13,"750,1500,3000",1.5,建筑材料,建筑材料,NULL,NULL,NULL,广东省,1
15,sz000016,深康佳Ａ,"2015-02-19 00:00:00",120433,22,100566,35,"750,1500,3000",1.5,家用电器,视听器材,NULL,NULL,NULL,广东省,1
20,sz000021,深科技,"2015-02-19 00:00:00",147097,61,131788,62,"750,1500,3000",1.5,信息设备,计算机设备,NULL,NULL,NULL,广东省,1
23,sz000024,招商地产,"2015-02-19 00:00:00",257577,20,123905,59,"750,1500,3000",1.5,房地产,房地产开发,NULL,NULL,NULL,广东省,1
26,sz000027,深圳能源,"2015-02-19 00:00:00",264288,30,95822,74,"750,1500,3000",1.5,公用事业,电力,NULL,NULL,NULL,广东省,1
28,sz000029,深深房Ａ,"2015-02-19 00:00:00",101153,66,101153,66,"750,1500,3000",1.5,房地产,房地产开发,NULL,NULL,NULL,广东省,1
29,sz000030,富奥股份,"2015-02-19 00:00:00",129874,48,60012,74,"750,1500,3000",1.5,交运设备,汽车零部件,NULL,NULL,NULL,吉林省,1
30,sz000031,中粮地产,"2015-02-19 00:00:00",181380,53,181380,53,"750,1500,3000",1.5,房地产,房地产开发,NULL,NULL,NULL,广东省,1
35,sz000036,华联控股,"2015-02-19 00:00:00",112429,34,112429,34,"750,1500,3000",1.5,房地产,房地产开发,NULL,NULL,NULL,广东省,1
43,sz000046,泛海控股,"2015-02-19 00:00:00",455741,87,454480,87,"750,1500,3000",1.5,房地产,房地产开发,NULL,NULL,NULL,北京市,1
46,sz000050,深天马Ａ,"2015-02-19 00:00:00",113185,57,57436,66,"750,1500,3000",1.5,电子,光学光电子,NULL,NULL,NULL,广东省,1
50,sz000059,华锦股份,"2015-02-19 00:00:00",120086,58,120086,58,"750,1500,3000",1.5,化工,基础化学,NULL,NULL,NULL,辽宁省,1
51,sz000060,中金岭南,"2015-02-19 00:00:00",206250,46,206115,46,"750,1500,3000",1.5,有色金属,有色冶炼加工,NULL,NULL,NULL,广东省,1
52,sz000061,"农 产 品","2015-02-19 00:00:00",169680,67,160543,68,"750,1500,3000",1.5,商业贸易,零售,NULL,NULL,NULL,广东省,1
56,sz000066,长城电脑,"2015-02-19 00:00:00",132322,59,132322,59,"750,1500,3000",1.5,信息设备,计算机设备,NULL,NULL,NULL,广东省,1
61,sz000088,"盐 田 港","2015-02-19 00:00:00",194240,69,194240,69,"750,1500,3000",1.5,交通运输,港口航运,NULL,NULL,NULL,广东省,1
62,sz000089,深圳机场,"2015-02-19 00:00:00",169149,66,169149,66,"750,1500,3000",1.5,交通运输,机场航运,NULL,NULL,NULL,广东省,1
71,sz000156,华数传媒,"2015-02-19 00:00:00",114652,10,7040,90,"750,1500,3000",1.5,信息服务,通信服务,NULL,NULL,NULL,浙江省,1
76,sz000301,东方市场,"2015-02-19 00:00:00",121879,38,121879,38,"750,1500,3000",1.5,商业贸易,零售,NULL,NULL,NULL,江苏省,1
77,sz000333,美的集团,"2015-02-19 00:00:00",421551,33,223907,56,"750,1500,3000",1.5,家用电器,白色家电,NULL,NULL,NULL,,1
78,sz000338,潍柴动力,"2015-02-19 00:00:00",346788,14,495531,33,"750,1500,3000",1.5,交运设备,汽车零部件,NULL,NULL,NULL,山东省,1
79,sz000400,许继电气,"2015-02-19 00:00:00",100839,18,59438,51,"750,1500,3000",1.5,机械设备,电气设备,NULL,NULL,NULL,河南省,1
80,sz000401,冀东水泥,"2015-02-19 00:00:00",134752,71,121225,73,"750,1500,3000",1.5,建筑材料,建筑材料,NULL,NULL,NULL,河北省,1
81,sz000402,"金 融 街","2015-02-19 00:00:00",302660,44,298595,44,"750,1500,3000",1.5,房地产,房地产开发,NULL,NULL,NULL,北京市,1
89,sz000413,东旭光电,"2015-02-19 00:00:00",266171,32,226864,42,"750,1500,3000",1.5,电子,光学光电子,NULL,NULL,NULL,河北省,1
90,sz000415,渤海租赁,"2015-02-19 00:00:00",177410,70,126911,77,"750,1500,3000",1.5,金融服务,保险及其他,NULL,NULL,NULL,新疆维吾尔自治区,1
99,sz000425,徐工机械,"2015-02-19 00:00:00",206290,61,205532,61,"750,1500,3000",1.5,机械设备,专用设备,NULL,NULL,NULL,江苏省,1
102,sz000429,粤高速Ａ,"2015-02-19 00:00:00",125734,21,81621,48,"750,1500,3000",1.5,交通运输,公路铁路运输,NULL,NULL,NULL,广东省,1
104,sz000488,晨鸣纸业,"2015-02-19 00:00:00",340132,24,338577,24,"750,1500,3000",1.5,轻工制造,造纸,NULL,NULL,NULL,山东省,1
105,sz000498,山东路桥,"2015-02-19 00:00:00",112013,28,35434,77,"750,1500,3000",1.5,建筑材料,建筑装饰,NULL,NULL,NULL,山东省,1
115,sz000511,烯碳新材,"2015-02-19 00:00:00",115406,16,115406,16,"750,1500,3000",1.5,有色金属,新材料,NULL,NULL,NULL,辽宁省,1
119,sz000517,荣安地产,"2015-02-19 00:00:00",106125,38,22233,87,"750,1500,3000",1.5,房地产,房地产开发,NULL,NULL,NULL,浙江省,1
120,sz000518,四环生物,"2015-02-19 00:00:00",102919,16,102919,16,"750,1500,3000",1.5,医药生物,生物制品,NULL,NULL,NULL,江苏省,1
127,sz000528,"柳    工","2015-02-19 00:00:00",112474,41,112474,41,"750,1500,3000",1.5,机械设备,专用设备,NULL,NULL,NULL,广西壮族自治区,1
136,sz000538,云南白药,"2015-02-19 00:00:00",104165,69,104165,69,"750,1500,3000",1.5,医药生物,中药,NULL,NULL,NULL,云南省,1
137,sz000539,粤电力Ａ,"2015-02-19 00:00:00",437418,60,279274,74,"750,1500,3000",1.5,公用事业,电力,NULL,NULL,NULL,广东省,1
138,sz000540,中天城投,"2015-02-19 00:00:00",171722,51,128145,59,"750,1500,3000",1.5,房地产,房地产开发,NULL,NULL,NULL,贵州省,1
140,sz000543,皖能电力,"2015-02-19 00:00:00",105309,56,102531,57,"750,1500,3000",1.5,公用事业,电力,NULL,NULL,NULL,安徽省,1
154,sz000559,万向钱潮,"2015-02-19 00:00:00",191164,56,190820,56,"750,1500,3000",1.5,交运设备,汽车零部件,NULL,NULL,NULL,浙江省,1
157,sz000563,陕国投Ａ,"2015-02-19 00:00:00",121455,47,75265,67,"750,1500,3000",1.5,金融服务,保险及其他,NULL,NULL,NULL,陕西省,1
162,sz000568,泸州老窖,"2015-02-19 00:00:00",140225,59,139989,59,"750,1500,3000",1.5,食品饮料,饮料制造,NULL,NULL,NULL,四川省,1
165,sz000572,海马汽车,"2015-02-19 00:00:00",164446,63,164159,63,"750,1500,3000",1.5,交运设备,汽车整车,NULL,NULL,NULL,海南省,1
168,sz000581,威孚高科,"2015-02-19 00:00:00",102031,33,85140,44,"750,1500,3000",1.5,交运设备,汽车零部件,NULL,NULL,NULL,江苏省,1
182,sz000598,兴蓉投资,"2015-02-19 00:00:00",298571,5,173407,45,"750,1500,3000",1.5,公用事业,燃气水务,NULL,NULL,NULL,四川省,1
184,sz000600,建投能源,"2015-02-19 00:00:00",179157,69,91371,82,"750,1500,3000",1.5,公用事业,电力,NULL,NULL,NULL,河北省,1
185,sz000601,韶能股份,"2015-02-19 00:00:00",108024,25,99440,31,"750,1500,3000",1.5,公用事业,电力,NULL,NULL,NULL,广东省,1
194,sz000612,焦作万方,"2015-02-19 00:00:00",120278,51,116840,50,"750,1500,3000",1.5,有色金属,有色冶炼加工,NULL,NULL,NULL,河南省,1
197,sz000616,海航投资,"2015-02-19 00:00:00",143014,24,143014,24,"750,1500,3000",1.5,房地产,房地产开发,NULL,NULL,NULL,辽宁省,1
200,sz000620,新华联,"2015-02-19 00:00:00",159787,81,159787,81,"750,1500,3000",1.5,房地产,房地产开发,NULL,NULL,NULL,北京市,1
203,sz000625,长安汽车,"2015-02-19 00:00:00",466142,42,429027,47,"750,1500,3000",1.5,交运设备,汽车整车,NULL,NULL,NULL,重庆市,1
205,sz000627,天茂集团,"2015-02-19 00:00:00",135309,26,135309,26,"750,1500,3000",1.5,化工,化学制品,NULL,NULL,NULL,湖北省,1
208,sz000630,铜陵有色,"2015-02-19 00:00:00",142156,57,142156,57,"750,1500,3000",1.5,有色金属,有色冶炼加工,NULL,NULL,NULL,安徽省,1
209,sz000631,顺发恒业,"2015-02-19 00:00:00",104550,80,104550,80,"750,1500,3000",1.5,房地产,房地产开发,NULL,NULL,NULL,吉林省,1
218,sz000651,格力电器,"2015-02-19 00:00:00",300749,42,298446,41,"750,1500,3000",1.5,家用电器,白色家电,NULL,NULL,NULL,广东省,1
219,sz000652,泰达股份,"2015-02-19 00:00:00",147524,38,146512,38,"750,1500,3000",1.5,综合,综合,NULL,NULL,NULL,天津市,1
221,sz000656,金科股份,"2015-02-19 00:00:00",115845,38,46808,68,"750,1500,3000",1.5,房地产,房地产开发,NULL,NULL,NULL,重庆市,1
223,sz000659,*ST中富,"2015-02-19 00:00:00",128540,29,128540,29,"750,1500,3000",1.5,轻工制造,包装印刷,NULL,NULL,NULL,广东省,1
229,sz000667,美好集团,"2015-02-19 00:00:00",255971,38,255971,38,"750,1500,3000",1.5,房地产,房地产开发,NULL,NULL,NULL,云南省,1
233,sz000671,"阳 光 城","2015-02-19 00:00:00",104394,75,102507,74,"750,1500,3000",1.5,房地产,房地产开发,NULL,NULL,NULL,福建省,1
240,sz000680,山推股份,"2015-02-19 00:00:00",124094,10,95427,31,"750,1500,3000",1.5,机械设备,专用设备,NULL,NULL,NULL,山东省,1
243,sz000683,远兴能源,"2015-02-19 00:00:00",139036,23,76749,56,"750,1500,3000",1.5,采掘,煤炭开采,NULL,NULL,NULL,内蒙古自治区,1
245,sz000686,东北证券,"2015-02-19 00:00:00",195739,48,168986,55,"750,1500,3000",1.5,金融服务,证券,NULL,NULL,NULL,吉林省,1
247,sz000688,建新矿业,"2015-02-19 00:00:00",113720,15,29597,78,"750,1500,3000",1.5,有色金属,有色冶炼加工,NULL,NULL,NULL,重庆市,1
248,sz000690,宝新能源,"2015-02-19 00:00:00",172675,33,171335,33,"750,1500,3000",1.5,公用事业,电力,NULL,NULL,NULL,广东省,1
258,sz000703,恒逸石化,"2015-02-19 00:00:00",115355,78,115355,78,"750,1500,3000",1.5,化工,化工合成材料,NULL,NULL,NULL,广西壮族自治区,1
269,sz000717,韶钢松山,"2015-02-19 00:00:00",242025,8,112569,57,"750,1500,3000",1.5,黑色金属,钢铁,NULL,NULL,NULL,广东省,1
270,sz000718,苏宁环球,"2015-02-19 00:00:00",204335,63,146982,73,"750,1500,3000",1.5,房地产,房地产开发,NULL,NULL,NULL,吉林省,1
279,sz000728,国元证券,"2015-02-19 00:00:00",196397,65,196397,65,"750,1500,3000",1.5,金融服务,证券,NULL,NULL,NULL,安徽省,1
280,sz000729,燕京啤酒,"2015-02-19 00:00:00",280924,65,249933,69,"750,1500,3000",1.5,食品饮料,饮料制造,NULL,NULL,NULL,北京市,1
282,sz000732,泰禾集团,"2015-02-19 00:00:00",101722,87,101571,87,"750,1500,3000",1.5,房地产,房地产开发,NULL,NULL,NULL,福建省,1
287,sz000738,中航动控,"2015-02-19 00:00:00",114563,72,114563,72,"750,1500,3000",1.5,国防军工,国防军工,NULL,NULL,NULL,江苏省,1
288,sz000739,普洛药业,"2015-02-19 00:00:00",114713,31,75364,52,"750,1500,3000",1.5,医药生物,化学制药,NULL,NULL,NULL,浙江省,1
290,sz000750,国海证券,"2015-02-19 00:00:00",231024,67,201795,71,"750,1500,3000",1.5,金融服务,证券,NULL,NULL,NULL,广西壮族自治区,1
291,sz000751,锌业股份,"2015-02-19 00:00:00",140946,27,140946,27,"750,1500,3000",1.5,有色金属,有色冶炼加工,NULL,NULL,NULL,辽宁省,1
300,sz000761,本钢板材,"2015-02-19 00:00:00",313582,84,313582,84,"750,1500,3000",1.5,黑色金属,钢铁,NULL,NULL,NULL,辽宁省,1
303,sz000767,漳泽电力,"2015-02-19 00:00:00",225367,53,157368,67,"750,1500,3000",1.5,公用事业,电力,NULL,NULL,NULL,山西省,1
304,sz000768,中航飞机,"2015-02-19 00:00:00",265325,60,233968,63,"750,1500,3000",1.5,国防军工,国防军工,NULL,NULL,NULL,陕西省,1
307,sz000778,新兴铸管,"2015-02-19 00:00:00",364280,62,364221,62,"750,1500,3000",1.5,黑色金属,钢铁,NULL,NULL,NULL,河北省,1
309,sz000780,平庄能源,"2015-02-19 00:00:00",101422,63,101422,63,"750,1500,3000",1.5,采掘,煤炭开采,NULL,NULL,NULL,内蒙古自治区,1
311,sz000783,长江证券,"2015-02-19 00:00:00",474196,46,474202,31,"750,1500,3000",1.5,金融服务,证券,NULL,NULL,NULL,湖北省,1
318,sz000792,盐湖股份,"2015-02-19 00:00:00",159049,48,69284,76,"750,1500,3000",1.5,化工,化学制品,NULL,NULL,NULL,青海省,1
319,sz000793,华闻传媒,"2015-02-19 00:00:00",184172,28,135990,43,"750,1500,3000",1.5,信息服务,传媒,NULL,NULL,NULL,海南省,1
325,sz000800,一汽轿车,"2015-02-19 00:00:00",162747,54,141140,60,"750,1500,3000",1.5,交运设备,汽车整车,NULL,NULL,NULL,吉林省,1
330,sz000807,云铝股份,"2015-02-19 00:00:00",153893,56,153865,56,"750,1500,3000",1.5,有色金属,有色冶炼加工,NULL,NULL,NULL,云南省,1
337,sz000816,江淮动力,"2015-02-19 00:00:00",141884,33,108890,49,"750,1500,3000",1.5,机械设备,通用设备,NULL,NULL,NULL,江苏省,1
346,sz000828,东莞控股,"2015-02-19 00:00:00",103956,72,103956,72,"750,1500,3000",1.5,交通运输,公路铁路运输,NULL,NULL,NULL,广东省,1
348,sz000830,鲁西化工,"2015-02-19 00:00:00",146518,41,146410,41,"750,1500,3000",1.5,化工,化学制品,NULL,NULL,NULL,山东省,1
355,sz000839,中信国安,"2015-02-19 00:00:00",156809,46,156775,46,"750,1500,3000",1.5,综合,综合,NULL,NULL,NULL,北京市,1
361,sz000858,"五 粮 液","2015-02-19 00:00:00",379614,61,379614,61,"750,1500,3000",1.5,食品饮料,饮料制造,NULL,NULL,NULL,四川省,1
364,sz000861,海印股份,"2015-02-19 00:00:00",118412,32,39998,76,"750,1500,3000",1.5,商业贸易,零售,NULL,NULL,NULL,广东省,1
369,sz000875,吉电股份,"2015-02-19 00:00:00",146009,10,66038,58,"750,1500,3000",1.5,公用事业,电力,NULL,NULL,NULL,吉林省,1
370,sz000876,"新 希 望","2015-02-19 00:00:00",208445,61,107411,76,"750,1500,3000",1.5,农林牧渔,农产品加工,NULL,NULL,NULL,四川省,1
372,sz000878,云南铜业,"2015-02-19 00:00:00",141692,60,141668,60,"750,1500,3000",1.5,有色金属,有色冶炼加工,NULL,NULL,NULL,云南省,1
375,sz000882,华联股份,"2015-02-19 00:00:00",222631,53,107209,76,"750,1500,3000",1.5,商业贸易,零售,NULL,NULL,NULL,北京市,1
379,sz000887,中鼎股份,"2015-02-19 00:00:00",111561,56,111441,55,"750,1500,3000",1.5,交运设备,汽车零部件,NULL,NULL,NULL,安徽省,1
385,sz000895,双汇发展,"2015-02-19 00:00:00",220076,60,121209,78,"750,1500,3000",1.5,食品饮料,食品加工制造,NULL,NULL,NULL,河南省,1
386,sz000897,津滨发展,"2015-02-19 00:00:00",161791,29,161734,29,"750,1500,3000",1.5,房地产,房地产开发,NULL,NULL,NULL,天津市,1
389,sz000900,现代投资,"2015-02-19 00:00:00",101164,37,101109,37,"750,1500,3000",1.5,交通运输,公路铁路运输,NULL,NULL,NULL,湖南省,1
402,sz000916,华北高速,"2015-02-19 00:00:00",108985,70,108985,70,"750,1500,3000",1.5,交通运输,公路铁路运输,NULL,NULL,NULL,北京市,1
403,sz000917,电广传媒,"2015-02-19 00:00:00",141747,12,70035,39,"750,1500,3000",1.5,信息服务,通信服务,NULL,NULL,NULL,湖南省,1
404,sz000918,嘉凯城,"2015-02-19 00:00:00",180395,84,180395,84,"750,1500,3000",1.5,房地产,房地产开发,NULL,NULL,NULL,湖南省,1
407,sz000921,海信科龙,"2015-02-19 00:00:00",135852,83,135689,83,"750,1500,3000",1.5,家用电器,白色家电,NULL,NULL,NULL,广东省,1
412,sz000927,一汽夏利,"2015-02-19 00:00:00",159510,81,159510,81,"750,1500,3000",1.5,交运设备,汽车整车,NULL,NULL,NULL,天津市,1
417,sz000932,华菱钢铁,"2015-02-19 00:00:00",301570,73,301487,73,"750,1500,3000",1.5,黑色金属,钢铁,NULL,NULL,NULL,湖南省,1
418,sz000933,神火股份,"2015-02-19 00:00:00",190033,56,187415,57,"750,1500,3000",1.5,采掘,煤炭开采,NULL,NULL,NULL,河南省,1
421,sz000937,冀中能源,"2015-02-19 00:00:00",271805,87,219397,75,"750,1500,3000",1.5,采掘,煤炭开采,NULL,NULL,NULL,河北省,1
425,sz000949,新乡化纤,"2015-02-19 00:00:00",102711,44,82835,54,"750,1500,3000",1.5,化工,化工合成材料,NULL,NULL,NULL,河南省,1
434,sz000960,锡业股份,"2015-02-19 00:00:00",115164,59,115164,59,"750,1500,3000",1.5,有色金属,有色冶炼加工,NULL,NULL,NULL,云南省,1
435,sz000961,中南建设,"2015-02-19 00:00:00",116788,80,116385,80,"750,1500,3000",1.5,房地产,房地产开发,NULL,NULL,NULL,江苏省,1
438,sz000965,天保基建,"2015-02-19 00:00:00",100888,79,69226,81,"750,1500,3000",1.5,房地产,房地产开发,NULL,NULL,NULL,天津市,1
443,sz000970,中科三环,"2015-02-19 00:00:00",106467,39,106467,39,"750,1500,3000",1.5,有色金属,新材料,NULL,NULL,NULL,北京市,1
447,sz000975,银泰资源,"2015-02-19 00:00:00",108541,51,61685,70,"750,1500,3000",1.5,有色金属,有色冶炼加工,NULL,NULL,NULL,广东省,1
451,sz000979,中弘股份,"2015-02-19 00:00:00",192299,54,192299,54,"750,1500,3000",1.5,房地产,房地产开发,NULL,NULL,NULL,安徽省,1
454,sz000982,中银绒业,"2015-02-19 00:00:00",180494,52,129390,65,"750,1500,3000",1.5,纺织服装,纺织制造,NULL,NULL,NULL,宁夏回族自治区,1
455,sz000983,西山煤电,"2015-02-19 00:00:00",315125,60,315125,60,"750,1500,3000",1.5,采掘,煤炭开采,NULL,NULL,NULL,山西省,1
467,sz001696,宗申动力,"2015-02-19 00:00:00",114534,29,89236,45,"750,1500,3000",1.5,交运设备,汽车零部件,NULL,NULL,NULL,重庆市,1
469,sz002001,"新 和 成","2015-02-19 00:00:00",108898,64,107290,63,"750,1500,3000",1.5,医药生物,化学制药,NULL,NULL,NULL,浙江省,1
473,sz002005,德豪润达,"2015-02-19 00:00:00",139665,34,116465,44,"750,1500,3000",1.5,电子,光学光电子,NULL,NULL,NULL,广东省,1
476,sz002008,大族激光,"2015-02-19 00:00:00",105615,32,95612,37,"750,1500,3000",1.5,电子,其他电子,NULL,NULL,NULL,广东省,1
486,sz002018,华信国际,"2015-02-19 00:00:00",119892,17,44741,68,"750,1500,3000",1.5,化工,化学制品,NULL,NULL,NULL,安徽省,1
515,sz002047,宝鹰股份,"2015-02-19 00:00:00",126265,33,34602,72,"750,1500,3000",1.5,建筑材料,建筑装饰,NULL,NULL,NULL,广东省,1
533,sz002065,东华软件,"2015-02-19 00:00:00",151499,52,132636,55,"750,1500,3000",1.5,信息服务,计算机应用,NULL,NULL,NULL,北京市,1
535,sz002067,景兴纸业,"2015-02-19 00:00:00",109432,8,96174,20,"750,1500,3000",1.5,轻工制造,造纸,NULL,NULL,NULL,浙江省,1
543,sz002075,沙钢股份,"2015-02-19 00:00:00",157611,80,157611,80,"750,1500,3000",1.5,黑色金属,钢铁,NULL,NULL,NULL,江苏省,1
546,sz002078,太阳纸业,"2015-02-19 00:00:00",229974,71,197787,73,"750,1500,3000",1.5,轻工制造,造纸,NULL,NULL,NULL,山东省,1
549,sz002081,"金 螳 螂","2015-02-19 00:00:00",176229,61,165843,59,"750,1500,3000",1.5,建筑材料,建筑装饰,NULL,NULL,NULL,江苏省,1
560,sz002092,中泰化学,"2015-02-19 00:00:00",139064,36,124217,42,"750,1500,3000",1.5,化工,基础化学,NULL,NULL,NULL,新疆维吾尔自治区,1
590,sz002122,天马股份,"2015-02-19 00:00:00",118780,56,105159,60,"750,1500,3000",1.5,机械设备,通用设备,NULL,NULL,NULL,浙江省,1
596,sz002128,露天煤业,"2015-02-19 00:00:00",132670,80,132670,80,"750,1500,3000",1.5,采掘,煤炭开采,NULL,NULL,NULL,内蒙古自治区,1
597,sz002129,中环股份,"2015-02-19 00:00:00",104376,59,72346,62,"750,1500,3000",1.5,电子,半导体及元件,NULL,NULL,NULL,天津市,1
610,sz002142,宁波银行,"2015-02-19 00:00:00",324958,70,287249,62,"750,1500,3000",1.5,金融服务,银行,NULL,NULL,NULL,浙江省,1
614,sz002146,荣盛发展,"2015-02-19 00:00:00",189876,70,166642,73,"750,1500,3000",1.5,房地产,房地产开发,NULL,NULL,NULL,河北省,1
670,sz002202,金风科技,"2015-02-19 00:00:00",269433,53,263786,53,"750,1500,3000",1.5,机械设备,电气设备,NULL,NULL,NULL,新疆维吾尔自治区,1
671,sz002203,海亮股份,"2015-02-19 00:00:00",154797,79,146136,80,"750,1500,3000",1.5,有色金属,有色冶炼加工,NULL,NULL,NULL,浙江省,1
685,sz002217,*ST合泰,"2015-02-19 00:00:00",107853,26,26304,64,"750,1500,3000",1.5,电子,光学光电子,NULL,NULL,NULL,山东省,1
704,sz002236,大华股份,"2015-02-19 00:00:00",117053,33,66018,60,"750,1500,3000",1.5,信息设备,计算机设备,NULL,NULL,NULL,浙江省,1
709,sz002241,歌尔声学,"2015-02-19 00:00:00",152638,51,120958,59,"750,1500,3000",1.5,电子,电子制造,NULL,NULL,NULL,山东省,1
712,sz002244,滨江集团,"2015-02-19 00:00:00",135180,75,114767,79,"750,1500,3000",1.5,房地产,房地产开发,NULL,NULL,NULL,浙江省,1
720,sz002252,上海莱士,"2015-02-19 00:00:00",136521,84,97916,85,"750,1500,3000",1.5,医药生物,生物制品,NULL,NULL,NULL,上海市,1
733,sz002266,浙富控股,"2015-02-19 00:00:00",152169,11,101732,36,"750,1500,3000",1.5,机械设备,电气设备,NULL,NULL,NULL,浙江省,1
734,sz002267,陕天然气,"2015-02-19 00:00:00",101670,83,99727,83,"750,1500,3000",1.5,公用事业,燃气水务,NULL,NULL,NULL,陕西省,1
736,sz002269,美邦服饰,"2015-02-19 00:00:00",101097,76,100490,76,"750,1500,3000",1.5,纺织服装,服装家纺,NULL,NULL,NULL,上海市,1
771,sz002304,洋河股份,"2015-02-19 00:00:00",107639,80,87928,82,"750,1500,3000",1.5,食品饮料,饮料制造,NULL,NULL,NULL,江苏省,1
777,sz002310,东方园林,"2015-02-19 00:00:00",100378,41,45253,67,"750,1500,3000",1.5,建筑材料,建筑装饰,NULL,NULL,NULL,北京市,1
778,sz002311,海大集团,"2015-02-19 00:00:00",106985,77,100089,73,"750,1500,3000",1.5,农林牧渔,农产品加工,NULL,NULL,NULL,广东省,1
811,sz002344,海宁皮城,"2015-02-19 00:00:00",112012,71,109970,70,"750,1500,3000",1.5,商业贸易,零售,NULL,NULL,NULL,浙江省,1
852,sz002385,大北农,"2015-02-19 00:00:00",164726,35,94151,60,"750,1500,3000",1.5,农林牧渔,农产品加工,NULL,NULL,NULL,北京市,1
882,sz002415,海康威视,"2015-02-19 00:00:00",401740,69,315054,75,"750,1500,3000",1.5,信息设备,计算机设备,NULL,NULL,NULL,浙江省,1
896,sz002429,兆驰股份,"2015-02-19 00:00:00",160198,77,158162,76,"750,1500,3000",1.5,家用电器,视听器材,NULL,NULL,NULL,广东省,1
911,sz002444,巨星科技,"2015-02-19 00:00:00",101409,63,87452,67,"750,1500,3000",1.5,机械设备,通用设备,NULL,NULL,NULL,浙江省,1
923,sz002456,欧菲光,"2015-02-19 00:00:00",103049,41,72063,51,"750,1500,3000",1.5,电子,光学光电子,NULL,NULL,NULL,广东省,1
930,sz002463,沪电股份,"2015-02-19 00:00:00",167390,64,167259,64,"750,1500,3000",1.5,电子,半导体及元件,NULL,NULL,NULL,江苏省,1
957,sz002490,山东墨龙,"2015-02-19 00:00:00",137724,15,222926,44,"750,1500,3000",1.5,机械设备,专用设备,NULL,NULL,NULL,山东省,1
960,sz002493,荣盛石化,"2015-02-19 00:00:00",111194,90,101902,90,"750,1500,3000",1.5,化工,化工合成材料,NULL,NULL,NULL,浙江省,1
965,sz002498,汉缆股份,"2015-02-19 00:00:00",107320,89,105742,89,"750,1500,3000",1.5,机械设备,电气设备,NULL,NULL,NULL,山东省,1
967,sz002500,山西证券,"2015-02-19 00:00:00",251905,72,239956,71,"750,1500,3000",1.5,金融服务,证券,NULL,NULL,NULL,山西省,1
972,sz002505,大康牧业,"2015-02-19 00:00:00",131242,21,25249,79,"750,1500,3000",1.5,农林牧渔,养殖业,NULL,NULL,NULL,湖南省,1
1035,sz002570,贝因美,"2015-02-19 00:00:00",102218,53,101930,53,"750,1500,3000",1.5,食品饮料,食品加工制造,NULL,NULL,NULL,浙江省,1
1059,sz002594,比亚迪,"2015-02-19 00:00:00",436868,23,561321,48,"750,1500,3000",1.5,交运设备,汽车整车,NULL,NULL,NULL,广东省,1
1118,sz002653,海思科,"2015-02-19 00:00:00",108017,32,17870,88,"750,1500,3000",1.5,医药生物,化学制药,NULL,NULL,NULL,西藏自治区,1
1138,sz002673,西部证券,"2015-02-19 00:00:00",120007,62,68791,77,"750,1500,3000",1.5,金融服务,证券,NULL,NULL,NULL,陕西省,1
1209,sz300002,神州泰岳,"2015-02-19 00:00:00",132354,37,72378,57,"750,1500,3000",1.5,信息服务,计算机应用,NULL,NULL,NULL,北京市,1
1234,sz300027,华谊兄弟,"2015-02-19 00:00:00",123744,24,86691,45,"750,1500,3000",1.5,信息服务,传媒,NULL,NULL,NULL,浙江省,1
1266,sz300059,东方财富,"2015-02-19 00:00:00",120944,28,91531,44,"750,1500,3000",1.5,信息服务,传媒,NULL,NULL,NULL,上海市,1
1276,sz300070,碧水源,"2015-02-19 00:00:00",107119,34,64761,60,"750,1500,3000",1.5,公用事业,环保工程,NULL,NULL,NULL,北京市,1
1317,sz300111,向日葵,"2015-02-19 00:00:00",111959,28,110785,29,"750,1500,3000",1.5,机械设备,电气设备,NULL,NULL,NULL,浙江省,1
1457,sz300251,光线传媒,"2015-02-19 00:00:00",101272,122,53121,71,"750,1500,3000",1.5,信息服务,传媒,NULL,NULL,NULL,北京市,1
1521,sz300315,掌趣科技,"2015-02-19 00:00:00",129767,33,54486,55,"750,1500,3000",1.5,信息服务,传媒,NULL,NULL,NULL,北京市,1
1630,sh600004,白云机场,"2015-02-19 00:00:00",114991,67,114991,67,"750,1500,3000",1.5,交通运输,机场航运,NULL,NULL,NULL,广东省,1
1632,sh600006,东风汽车,"2015-02-19 00:00:00",199995,65,200026,65,"750,1500,3000",1.5,交运设备,汽车整车,NULL,NULL,NULL,湖北省,1
1633,sh600007,中国国贸,"2015-02-19 00:00:00",100718,87,100718,87,"750,1500,3000",1.5,房地产,房地产开发,NULL,NULL,NULL,北京市,1
1634,sh600008,首创股份,"2015-02-19 00:00:00",219966,64,220000,64,"750,1500,3000",1.5,公用事业,燃气水务,NULL,NULL,NULL,北京市,1
1635,sh600009,上海机场,"2015-02-19 00:00:00",192738,36,109344,64,"750,1500,3000",1.5,交通运输,机场航运,NULL,NULL,NULL,上海市,1
1638,sh600012,皖通高速,"2015-02-19 00:00:00",251907,57,251907,57,"750,1500,3000",1.5,交通运输,公路铁路运输,NULL,NULL,NULL,安徽省,1
1641,sh600017,日照港,"2015-02-19 00:00:00",307611,61,263091,64,"750,1500,3000",1.5,交通运输,港口航运,NULL,NULL,NULL,山东省,1
1644,sh600020,中原高速,"2015-02-19 00:00:00",224716,66,224716,66,"750,1500,3000",1.5,交通运输,公路铁路运输,NULL,NULL,NULL,河南省,1
1645,sh600021,上海电力,"2015-02-19 00:00:00",213969,72,213969,72,"750,1500,3000",1.5,公用事业,电力,NULL,NULL,NULL,上海市,1
1654,sh600033,福建高速,"2015-02-19 00:00:00",274490,59,274490,59,"750,1500,3000",1.5,交通运输,公路铁路运输,NULL,NULL,NULL,福建省,1
1655,sh600035,楚天高速,"2015-02-19 00:00:00",121105,66,121105,66,"750,1500,3000",1.5,交通运输,公路铁路运输,NULL,NULL,NULL,湖北省,1
1657,sh600037,歌华有线,"2015-02-19 00:00:00",106409,54,106409,54,"750,1500,3000",1.5,信息服务,通信服务,NULL,NULL,NULL,北京市,1
1659,sh600039,四川路桥,"2015-02-19 00:00:00",150983,42,54748,71,"750,1500,3000",1.5,建筑材料,建筑装饰,NULL,NULL,NULL,四川省,1
1667,sh600056,中国医药,"2015-02-19 00:00:00",101276,61,88457,63,"750,1500,3000",1.5,医药生物,医药商业,NULL,NULL,NULL,北京市,1
1669,sh600058,五矿发展,"2015-02-19 00:00:00",107232,64,107232,64,"750,1500,3000",1.5,商业贸易,贸易,NULL,NULL,NULL,北京市,1
1671,sh600060,海信电器,"2015-02-19 00:00:00",130869,50,130869,50,"750,1500,3000",1.5,家用电器,视听器材,NULL,NULL,NULL,山东省,1
1674,sh600063,皖维高新,"2015-02-19 00:00:00",149835,34,149835,34,"750,1500,3000",1.5,化工,化工合成材料,NULL,NULL,NULL,安徽省,1
1676,sh600066,宇通客车,"2015-02-19 00:00:00",127052,46,124456,45,"750,1500,3000",1.5,交运设备,汽车整车,NULL,NULL,NULL,河南省,1
1677,sh600067,冠城大通,"2015-02-19 00:00:00",119048,44,119048,44,"750,1500,3000",1.5,房地产,房地产开发,NULL,NULL,NULL,福建省,1
1678,sh600068,葛洲坝,"2015-02-19 00:00:00",460372,48,348617,58,"750,1500,3000",1.5,建筑材料,建筑装饰,NULL,NULL,NULL,湖北省,1
1687,sh600077,宋都股份,"2015-02-19 00:00:00",109104,37,48648,72,"750,1500,3000",1.5,房地产,房地产开发,NULL,NULL,NULL,浙江省,1
1695,sh600085,同仁堂,"2015-02-19 00:00:00",131118,64,131118,64,"750,1500,3000",1.5,医药生物,中药,NULL,NULL,NULL,北京市,1
1698,sh600089,特变电工,"2015-02-19 00:00:00",324213,26,316573,26,"750,1500,3000",1.5,机械设备,电气设备,NULL,NULL,NULL,新疆维吾尔自治区,1
1702,sh600094,大名城,"2015-02-19 00:00:00",201170,27,39823,78,"750,1500,3000",1.5,房地产,房地产开发,NULL,NULL,NULL,上海市,1
1704,sh600096,云天化,"2015-02-19 00:00:00",112895,39,52143,71,"750,1500,3000",1.5,化工,化学制品,NULL,NULL,NULL,云南省,1
1706,sh600098,广州发展,"2015-02-19 00:00:00",272608,80,243741,82,"750,1500,3000",1.5,公用事业,电力,NULL,NULL,NULL,广东省,1
1708,sh600100,同方股份,"2015-02-19 00:00:00",219764,32,207162,34,"750,1500,3000",1.5,信息设备,计算机设备,NULL,NULL,NULL,北京市,1
1710,sh600103,青山纸业,"2015-02-19 00:00:00",106242,29,106242,29,"750,1500,3000",1.5,轻工制造,造纸,NULL,NULL,NULL,福建省,1
1715,sh600108,亚盛集团,"2015-02-19 00:00:00",194652,30,194652,30,"750,1500,3000",1.5,农林牧渔,种植业与林业,NULL,NULL,NULL,甘肃省,1
1716,sh600109,国金证券,"2015-02-19 00:00:00",129368,48,129368,48,"750,1500,3000",1.5,金融服务,证券,NULL,NULL,NULL,四川省,1
1717,sh600110,中科英华,"2015-02-19 00:00:00",114981,18,114981,18,"750,1500,3000",1.5,机械设备,电气设备,NULL,NULL,NULL,吉林省,1
1718,sh600111,北方稀土,"2015-02-19 00:00:00",242090,20,147972,51,"750,1500,3000",1.5,有色金属,有色冶炼加工,NULL,NULL,NULL,内蒙古自治区,1
1725,sh600118,中国卫星,"2015-02-19 00:00:00",118270,60,118270,60,"750,1500,3000",1.5,国防军工,国防军工,NULL,NULL,NULL,北京市,1
1728,sh600121,郑州煤电,"2015-02-19 00:00:00",101546,54,62919,71,"750,1500,3000",1.5,采掘,煤炭开采,NULL,NULL,NULL,河南省,1
1729,sh600122,宏图高科,"2015-02-19 00:00:00",114146,38,113273,38,"750,1500,3000",1.5,商业贸易,零售,NULL,NULL,NULL,江苏省,1
1730,sh600123,兰花科创,"2015-02-19 00:00:00",114226,48,114226,48,"750,1500,3000",1.5,采掘,煤炭开采,NULL,NULL,NULL,山西省,1
1731,sh600125,铁龙物流,"2015-02-19 00:00:00",130515,37,130515,37,"750,1500,3000",1.5,交通运输,公路铁路运输,NULL,NULL,NULL,辽宁省,1
1746,sh600143,金发科技,"2015-02-19 00:00:00",256015,48,256015,48,"750,1500,3000",1.5,化工,化工合成材料,NULL,NULL,NULL,广东省,1
1751,sh600150,中国船舶,"2015-02-19 00:00:00",137776,70,137776,70,"750,1500,3000",1.5,国防军工,国防军工,NULL,NULL,NULL,上海市,1
1752,sh600151,航天机电,"2015-02-19 00:00:00",125061,44,120461,46,"750,1500,3000",1.5,机械设备,电气设备,NULL,NULL,NULL,上海市,1
1754,sh600153,建发股份,"2015-02-19 00:00:00",283538,57,283509,45,"750,1500,3000",1.5,交通运输,物流,NULL,NULL,NULL,福建省,1
1757,sh600157,永泰能源,"2015-02-19 00:00:00",353590,34,301131,44,"750,1500,3000",1.5,采掘,煤炭开采,NULL,NULL,NULL,山西省,1
1760,sh600160,巨化股份,"2015-02-19 00:00:00",181065,64,181065,64,"750,1500,3000",1.5,化工,化学制品,NULL,NULL,NULL,浙江省,1
1765,sh600166,福田汽车,"2015-02-19 00:00:00",281060,53,253725,57,"750,1500,3000",1.5,交运设备,汽车整车,NULL,NULL,NULL,北京市,1
1768,sh600169,太原重工,"2015-02-19 00:00:00",242284,41,242284,41,"750,1500,3000",1.5,机械设备,专用设备,NULL,NULL,NULL,山西省,1
1769,sh600170,上海建工,"2015-02-19 00:00:00",360809,15,109866,74,"750,1500,3000",1.5,建筑材料,建筑装饰,NULL,NULL,NULL,上海市,1
1773,sh600175,美都能源,"2015-02-19 00:00:00",245597,39,144044,58,"750,1500,3000",1.5,房地产,房地产开发,NULL,NULL,NULL,浙江省,1
1775,sh600177,雅戈尔,"2015-02-19 00:00:00",222582,41,222582,41,"750,1500,3000",1.5,纺织服装,服装家纺,NULL,NULL,NULL,浙江省,1
1780,sh600183,生益科技,"2015-02-19 00:00:00",142350,49,142321,49,"750,1500,3000",1.5,电子,半导体及元件,NULL,NULL,NULL,广东省,1
1783,sh600186,莲花味精,"2015-02-19 00:00:00",106310,32,106277,32,"750,1500,3000",1.5,食品饮料,食品加工制造,NULL,NULL,NULL,河南省,1
1784,sh600187,国中水务,"2015-02-19 00:00:00",145593,35,145593,35,"750,1500,3000",1.5,公用事业,燃气水务,NULL,NULL,NULL,黑龙江省,1
1785,sh600188,兖州煤业,"2015-02-19 00:00:00",491872,93,491872,93,"750,1500,3000",1.5,采掘,煤炭开采,NULL,NULL,NULL,山东省,1
1787,sh600190,锦州港,"2015-02-19 00:00:00",200243,66,156136,72,"750,1500,3000",1.5,交通运输,港口航运,NULL,NULL,NULL,辽宁省,1
1792,sh600196,复星医药,"2015-02-19 00:00:00",320180,45,319756,45,"750,1500,3000",1.5,医药生物,生物制品,NULL,NULL,NULL,上海市,1
1804,sh600210,紫江企业,"2015-02-19 00:00:00",143658,32,143678,31,"750,1500,3000",1.5,轻工制造,包装印刷,NULL,NULL,NULL,上海市,1
1812,sh600219,南山铝业,"2015-02-19 00:00:00",193386,48,193386,48,"750,1500,3000",1.5,有色金属,有色冶炼加工,NULL,NULL,NULL,山东省,1
1813,sh600220,江苏阳光,"2015-02-19 00:00:00",178356,38,178310,38,"750,1500,3000",1.5,纺织服装,纺织制造,NULL,NULL,NULL,江苏省,1
1816,sh600223,鲁商置业,"2015-02-19 00:00:00",100098,73,100098,73,"750,1500,3000",1.5,房地产,房地产开发,NULL,NULL,NULL,山东省,1
1828,sh600236,桂冠电力,"2015-02-19 00:00:00",228034,48,112814,74,"750,1500,3000",1.5,公用事业,电力,NULL,NULL,NULL,广西壮族自治区,1
1832,sh600240,华业地产,"2015-02-19 00:00:00",142470,51,142470,51,"750,1500,3000",1.5,房地产,房地产开发,NULL,NULL,NULL,北京市,1
1836,sh600246,万通地产,"2015-02-19 00:00:00",121701,53,121701,53,"750,1500,3000",1.5,房地产,房地产开发,NULL,NULL,NULL,北京市,1
1842,sh600252,中恒集团,"2015-02-19 00:00:00",109158,36,109158,36,"750,1500,3000",1.5,医药生物,中药,NULL,NULL,NULL,广西壮族自治区,1
1852,sh600266,北京城建,"2015-02-19 00:00:00",156663,63,106715,67,"750,1500,3000",1.5,房地产,房地产开发,NULL,NULL,NULL,北京市,1
1855,sh600269,赣粤高速,"2015-02-19 00:00:00",233529,54,233529,54,"750,1500,3000",1.5,交通运输,公路铁路运输,NULL,NULL,NULL,江西省,1
1859,sh600273,嘉化能源,"2015-02-19 00:00:00",124737,58,31499,77,"750,1500,3000",1.5,公用事业,电力,NULL,NULL,NULL,浙江省,1
1861,sh600276,恒瑞医药,"2015-02-19 00:00:00",150337,62,149608,62,"750,1500,3000",1.5,医药生物,化学制药,NULL,NULL,NULL,江苏省,1
1862,sh600277,亿利能源,"2015-02-19 00:00:00",208984,81,208984,81,"750,1500,3000",1.5,综合,综合,NULL,NULL,NULL,内蒙古自治区,1
1867,sh600282,南钢股份,"2015-02-19 00:00:00",387568,86,387568,86,"750,1500,3000",1.5,黑色金属,钢铁,NULL,NULL,NULL,江苏省,1
1878,sh600295,鄂尔多斯,"2015-02-19 00:00:00",103235,56,103235,56,"750,1500,3000",1.5,采掘,石油矿业开采,NULL,NULL,NULL,内蒙古自治区,1
1882,sh600300,维维股份,"2015-02-19 00:00:00",167234,58,167234,58,"750,1500,3000",1.5,食品饮料,饮料制造,NULL,NULL,NULL,江苏省,1
1889,sh600308,华泰股份,"2015-02-19 00:00:00",116715,37,116715,37,"750,1500,3000",1.5,轻工制造,造纸,NULL,NULL,NULL,山东省,1
1890,sh600309,万华化学,"2015-02-19 00:00:00",216199,59,216199,59,"750,1500,3000",1.5,化工,化工新材料,NULL,NULL,NULL,山东省,1
1893,sh600312,平高电气,"2015-02-19 00:00:00",113735,36,81914,54,"750,1500,3000",1.5,机械设备,电气设备,NULL,NULL,NULL,河南省,1
1900,sh600320,振华重工,"2015-02-19 00:00:00",438965,48,438965,48,"750,1500,3000",1.5,机械设备,专用设备,NULL,NULL,NULL,上海市,1
1901,sh600321,国栋建设,"2015-02-19 00:00:00",118150,34,118150,34,"750,1500,3000",1.5,建筑材料,建筑材料,NULL,NULL,NULL,四川省,1
1902,sh600322,天房发展,"2015-02-19 00:00:00",110568,32,110568,32,"750,1500,3000",1.5,房地产,房地产开发,NULL,NULL,NULL,天津市,1
1910,sh600331,宏达股份,"2015-02-19 00:00:00",203227,34,103169,65,"750,1500,3000",1.5,有色金属,有色冶炼加工,NULL,NULL,NULL,四川省,1
1911,sh600332,白云山,"2015-02-19 00:00:00",129106,64,125670,65,"750,1500,3000",1.5,医药生物,中药,NULL,NULL,NULL,广东省,1
1918,sh600340,华夏幸福,"2015-02-19 00:00:00",132269,77,132269,77,"750,1500,3000",1.5,房地产,房地产开发,NULL,NULL,NULL,河北省,1
1922,sh600348,阳泉煤业,"2015-02-19 00:00:00",240476,61,240476,61,"750,1500,3000",1.5,采掘,煤炭开采,NULL,NULL,NULL,山西省,1
1923,sh600350,山东高速,"2015-02-19 00:00:00",481174,88,481174,88,"750,1500,3000",1.5,交通运输,公路铁路运输,NULL,NULL,NULL,山东省,1
1925,sh600352,浙江龙盛,"2015-02-19 00:00:00",152982,34,152982,34,"750,1500,3000",1.5,化工,化学制品,NULL,NULL,NULL,浙江省,1
1940,sh600369,西南证券,"2015-02-19 00:00:00",282202,73,232291,77,"750,1500,3000",1.5,金融服务,证券,NULL,NULL,NULL,重庆市,1
1943,sh600372,中航电子,"2015-02-19 00:00:00",175890,81,175890,81,"750,1500,3000",1.5,国防军工,国防军工,NULL,NULL,NULL,北京市,1
1944,sh600373,中文传媒,"2015-02-19 00:00:00",118579,75,118579,75,"750,1500,3000",1.5,信息服务,传媒,NULL,NULL,NULL,江西省,1
1946,sh600376,首开股份,"2015-02-19 00:00:00",224142,68,224142,68,"750,1500,3000",1.5,房地产,房地产开发,NULL,NULL,NULL,北京市,1
1950,sh600380,健康元,"2015-02-19 00:00:00",154564,68,154564,68,"750,1500,3000",1.5,医药生物,化学制药,NULL,NULL,NULL,广东省,1
1953,sh600383,金地集团,"2015-02-19 00:00:00",449137,67,449137,67,"750,1500,3000",1.5,房地产,房地产开发,NULL,NULL,NULL,广东省,1
1963,sh600395,盘江股份,"2015-02-19 00:00:00",165495,75,165495,75,"750,1500,3000",1.5,采掘,煤炭开采,NULL,NULL,NULL,贵州省,1
1966,sh600398,海澜之家,"2015-02-19 00:00:00",449261,49,64646,91,"750,1500,3000",1.5,纺织服装,服装家纺,NULL,NULL,NULL,江苏省,1
1969,sh600401,海润光伏,"2015-02-19 00:00:00",157515,32,35476,57,"750,1500,3000",1.5,机械设备,电气设备,NULL,NULL,NULL,江苏省,1
1970,sh600403,大有能源,"2015-02-19 00:00:00",239077,92,239077,92,"750,1500,3000",1.5,采掘,煤炭开采,NULL,NULL,NULL,河南省,1
1972,sh600406,国电南瑞,"2015-02-19 00:00:00",242909,48,220480,52,"750,1500,3000",1.5,机械设备,电气设备,NULL,NULL,NULL,江苏省,1
1973,sh600408,安泰集团,"2015-02-19 00:00:00",100624,34,100624,34,"750,1500,3000",1.5,采掘,煤炭开采,NULL,NULL,NULL,山西省,1
1974,sh600409,三友化工,"2015-02-19 00:00:00",185028,55,166945,59,"750,1500,3000",1.5,化工,基础化学,NULL,NULL,NULL,河北省,1
1976,sh600415,小商品城,"2015-02-19 00:00:00",272114,63,272114,63,"750,1500,3000",1.5,商业贸易,零售,NULL,NULL,NULL,浙江省,1
1978,sh600418,江淮汽车,"2015-02-19 00:00:00",128523,41,106908,51,"750,1500,3000",1.5,交运设备,汽车整车,NULL,NULL,NULL,安徽省,1
1984,sh600425,青松建化,"2015-02-19 00:00:00",137889,69,137877,50,"750,1500,3000",1.5,建筑材料,建筑材料,NULL,NULL,NULL,新疆维吾尔自治区,1
1986,sh600428,中远航运,"2015-02-19 00:00:00",169030,55,169030,55,"750,1500,3000",1.5,交通运输,港口航运,NULL,NULL,NULL,广东省,1
1988,sh600432,吉恩镍业,"2015-02-19 00:00:00",160395,59,81120,78,"750,1500,3000",1.5,有色金属,有色冶炼加工,NULL,NULL,NULL,吉林省,1
1989,sh600433,冠豪高新,"2015-02-19 00:00:00",119047,48,110620,51,"750,1500,3000",1.5,轻工制造,造纸,NULL,NULL,NULL,广东省,1
2003,sh600460,士兰微,"2015-02-19 00:00:00",124761,54,124761,54,"750,1500,3000",1.5,电子,光学光电子,NULL,NULL,NULL,浙江省,1
2020,sh600483,福能股份,"2015-02-19 00:00:00",125874,45,28860,87,"750,1500,3000",1.5,公用事业,电力,NULL,NULL,NULL,福建省,1
2021,sh600485,信威集团,"2015-02-19 00:00:00",292374,35,13857,78,"750,1500,3000",1.5,信息设备,通信设备,NULL,NULL,NULL,北京市,1
2025,sh600489,中金黄金,"2015-02-19 00:00:00",294380,54,294380,54,"750,1500,3000",1.5,有色金属,有色冶炼加工,NULL,NULL,NULL,北京市,1
2026,sh600490,鹏欣资源,"2015-02-19 00:00:00",147785,23,84136,51,"750,1500,3000",1.5,有色金属,有色冶炼加工,NULL,NULL,NULL,上海市,1
2031,sh600497,驰宏锌锗,"2015-02-19 00:00:00",166747,54,166747,54,"750,1500,3000",1.5,有色金属,有色冶炼加工,NULL,NULL,NULL,云南省,1
2034,sh600500,中化国际,"2015-02-19 00:00:00",208307,66,143747,73,"750,1500,3000",1.5,化工,化学制品,NULL,NULL,NULL,上海市,1
2037,sh600503,华丽家族,"2015-02-19 00:00:00",160234,19,109926,38,"750,1500,3000",1.5,房地产,房地产开发,NULL,NULL,NULL,上海市,1
2040,sh600507,方大特钢,"2015-02-19 00:00:00",132591,69,132591,69,"750,1500,3000",1.5,黑色金属,钢铁,NULL,NULL,NULL,江西省,1
2048,sh600516,方大炭素,"2015-02-19 00:00:00",171930,54,171930,54,"750,1500,3000",1.5,有色金属,新材料,NULL,NULL,NULL,甘肃省,1
2049,sh600517,置信电气,"2015-02-19 00:00:00",124429,52,111351,57,"750,1500,3000",1.5,机械设备,电气设备,NULL,NULL,NULL,上海市,1
2050,sh600518,康美药业,"2015-02-19 00:00:00",219765,44,219765,44,"750,1500,3000",1.5,医药生物,中药,NULL,NULL,NULL,广东省,1
2051,sh600519,贵州茅台,"2015-02-19 00:00:00",114234,70,114234,70,"750,1500,3000",1.5,食品饮料,饮料制造,NULL,NULL,NULL,贵州省,1
2059,sh600528,中铁二局,"2015-02-19 00:00:00",145892,53,145892,53,"750,1500,3000",1.5,建筑材料,建筑装饰,NULL,NULL,NULL,四川省,1
2064,sh600533,栖霞建设,"2015-02-19 00:00:00",105008,57,105008,57,"750,1500,3000",1.5,房地产,房地产开发,NULL,NULL,NULL,江苏省,1
2065,sh600535,天士力,"2015-02-19 00:00:00",103271,56,103271,56,"750,1500,3000",1.5,医药生物,中药,NULL,NULL,NULL,天津市,1
2073,sh600546,山煤国际,"2015-02-19 00:00:00",198292,63,198292,63,"750,1500,3000",1.5,采掘,煤炭开采,NULL,NULL,NULL,山西省,1
2074,sh600547,山东黄金,"2015-02-19 00:00:00",142333,54,142333,54,"750,1500,3000",1.5,有色金属,有色冶炼加工,NULL,NULL,NULL,山东省,1
2075,sh600548,深高速,"2015-02-19 00:00:00",347788,56,347788,56,"750,1500,3000",1.5,交通运输,公路铁路运输,NULL,NULL,NULL,广东省,1
2077,sh600550,*ST天威,"2015-02-19 00:00:00",137297,57,137297,57,"750,1500,3000",1.5,机械设备,电气设备,NULL,NULL,NULL,河北省,1
2080,sh600555,九龙山,"2015-02-19 00:00:00",130371,52,130371,52,"750,1500,3000",1.5,房地产,房地产开发,NULL,NULL,NULL,上海市,1
2089,sh600565,迪马股份,"2015-02-19 00:00:00",234603,40,71984,80,"750,1500,3000",1.5,房地产,房地产开发,NULL,NULL,NULL,重庆市,1
2091,sh600567,山鹰纸业,"2015-02-19 00:00:00",376631,16,158725,58,"750,1500,3000",1.5,轻工制造,造纸,NULL,NULL,NULL,安徽省,1
2093,sh600569,安阳钢铁,"2015-02-19 00:00:00",239410,62,239410,62,"750,1500,3000",1.5,黑色金属,钢铁,NULL,NULL,NULL,河南省,1
2098,sh600575,皖江物流,"2015-02-19 00:00:00",288361,59,142301,80,"750,1500,3000",1.5,交通运输,港口航运,NULL,NULL,NULL,安徽省,1
2101,sh600578,京能电力,"2015-02-19 00:00:00",461704,62,225733,82,"750,1500,3000",1.5,公用事业,电力,NULL,NULL,NULL,北京市,1
2103,sh600580,卧龙电气,"2015-02-19 00:00:00",111065,40,68775,62,"750,1500,3000",1.5,机械设备,电气设备,NULL,NULL,NULL,浙江省,1
2105,sh600582,天地科技,"2015-02-19 00:00:00",121369,69,121369,69,"750,1500,3000",1.5,机械设备,专用设备,NULL,NULL,NULL,北京市,1
2106,sh600583,海油工程,"2015-02-19 00:00:00",442209,59,389038,61,"750,1500,3000",1.5,采掘,采掘服务,NULL,NULL,NULL,天津市,1
2109,sh600586,金晶科技,"2015-02-19 00:00:00",142214,15,96695,42,"750,1500,3000",1.5,建筑材料,建筑材料,NULL,NULL,NULL,山东省,1
2111,sh600588,用友网络,"2015-02-19 00:00:00",116554,62,115129,61,"750,1500,3000",1.5,信息服务,计算机应用,NULL,NULL,NULL,北京市,1
2117,sh600595,中孚实业,"2015-02-19 00:00:00",174144,55,151469,61,"750,1500,3000",1.5,有色金属,有色冶炼加工,NULL,NULL,NULL,河南省,1
2119,sh600597,光明乳业,"2015-02-19 00:00:00",122432,64,122258,63,"750,1500,3000",1.5,食品饮料,食品加工制造,NULL,NULL,NULL,上海市,1
2120,sh600598,*ST大荒,"2015-02-19 00:00:00",177793,66,177793,66,"750,1500,3000",1.5,农林牧渔,种植业与林业,NULL,NULL,NULL,黑龙江省,1
2122,sh600600,青岛啤酒,"2015-02-19 00:00:00",177703,63,177703,63,"750,1500,3000",1.5,食品饮料,饮料制造,NULL,NULL,NULL,山东省,1
2123,sh600601,方正科技,"2015-02-19 00:00:00",219450,17,219450,17,"750,1500,3000",1.5,信息设备,计算机设备,NULL,NULL,NULL,上海市,1
2124,sh600602,仪电电子,"2015-02-19 00:00:00",117342,34,117307,34,"750,1500,3000",1.5,电子,光学光电子,NULL,NULL,NULL,上海市,1
2130,sh600609,金杯汽车,"2015-02-19 00:00:00",109274,49,109274,49,"750,1500,3000",1.5,交运设备,汽车整车,NULL,NULL,NULL,辽宁省,1
2132,sh600611,大众交通,"2015-02-19 00:00:00",157688,27,157688,27,"750,1500,3000",1.5,交通运输,公交,NULL,NULL,NULL,上海市,1
2139,sh600618,氯碱化工,"2015-02-19 00:00:00",115622,52,115622,52,"750,1500,3000",1.5,化工,基础化学,NULL,NULL,NULL,上海市,1
2150,sh600633,浙报传媒,"2015-02-19 00:00:00",118826,63,113382,65,"750,1500,3000",1.5,信息服务,传媒,NULL,NULL,NULL,浙江省,1
2152,sh600635,大众公用,"2015-02-19 00:00:00",164391,31,164391,31,"750,1500,3000",1.5,金融服务,保险及其他,NULL,NULL,NULL,上海市,1
2154,sh600637,百视通,"2015-02-19 00:00:00",111392,55,111392,55,"750,1500,3000",1.5,信息服务,通信服务,NULL,NULL,NULL,上海市,1
2159,sh600642,申能股份,"2015-02-19 00:00:00",455205,55,455205,55,"750,1500,3000",1.5,公用事业,电力,NULL,NULL,NULL,上海市,1
2160,sh600643,爱建股份,"2015-02-19 00:00:00",110585,23,81791,42,"750,1500,3000",1.5,金融服务,保险及其他,NULL,NULL,NULL,上海市,1
2164,sh600648,外高桥,"2015-02-19 00:00:00",113549,66,101095,66,"750,1500,3000",1.5,房地产,园区开发,NULL,NULL,NULL,上海市,1
2165,sh600649,城投控股,"2015-02-19 00:00:00",298834,61,298834,61,"750,1500,3000",1.5,房地产,房地产开发,NULL,NULL,NULL,上海市,1
2169,sh600653,申华控股,"2015-02-19 00:00:00",174522,20,174522,20,"750,1500,3000",1.5,交运设备,交运设备服务,NULL,NULL,NULL,上海市,1
2170,sh600654,飞乐股份,"2015-02-19 00:00:00",115071,24,75562,54,"750,1500,3000",1.5,建筑材料,建筑装饰,NULL,NULL,NULL,上海市,1
2171,sh600655,豫园商城,"2015-02-19 00:00:00",143711,47,143711,47,"750,1500,3000",1.5,商业贸易,零售,NULL,NULL,NULL,上海市,1
2173,sh600657,信达地产,"2015-02-19 00:00:00",152402,69,152402,69,"750,1500,3000",1.5,房地产,房地产开发,NULL,NULL,NULL,北京市,1
2175,sh600660,福耀玻璃,"2015-02-19 00:00:00",200263,45,200263,45,"750,1500,3000",1.5,交运设备,汽车零部件,NULL,NULL,NULL,福建省,1
2177,sh600662,强生控股,"2015-02-19 00:00:00",105354,51,105354,51,"750,1500,3000",1.5,交通运输,公交,NULL,NULL,NULL,上海市,1
2178,sh600663,陆家嘴,"2015-02-19 00:00:00",186783,68,186783,68,"750,1500,3000",1.5,房地产,园区开发,NULL,NULL,NULL,上海市,1
2179,sh600664,哈药股份,"2015-02-19 00:00:00",191752,27,105354,60,"750,1500,3000",1.5,医药生物,化学制药,NULL,NULL,NULL,黑龙江省,1
2182,sh600667,太极实业,"2015-02-19 00:00:00",119163,38,119163,38,"750,1500,3000",1.5,电子,半导体及元件,NULL,NULL,NULL,江苏省,1
2186,sh600674,川投能源,"2015-02-19 00:00:00",220090,64,220090,64,"750,1500,3000",1.5,公用事业,电力,NULL,NULL,NULL,四川省,1
2187,sh600675,中华企业,"2015-02-19 00:00:00",186657,39,186657,39,"750,1500,3000",1.5,房地产,房地产开发,NULL,NULL,NULL,上海市,1
2197,sh600685,广船国际,"2015-02-19 00:00:00",103064,38,132804,82,"750,1500,3000",1.5,国防军工,国防军工,NULL,NULL,NULL,广东省,1
2202,sh600690,青岛海尔,"2015-02-19 00:00:00",303005,53,272104,57,"750,1500,3000",1.5,家用电器,白色家电,NULL,NULL,NULL,山东省,1
2203,sh600691,阳煤化工,"2015-02-19 00:00:00",146750,40,90241,63,"750,1500,3000",1.5,化工,化学制品,NULL,NULL,NULL,四川省,1
2214,sh600703,三安光电,"2015-02-19 00:00:00",239329,62,216640,59,"750,1500,3000",1.5,电子,光学光电子,NULL,NULL,NULL,湖北省,1
2216,sh600705,中航资本,"2015-02-19 00:00:00",186602,13,74584,54,"750,1500,3000",1.5,金融服务,保险及其他,NULL,NULL,NULL,黑龙江省,1
2221,sh600711,盛屯矿业,"2015-02-19 00:00:00",149702,11,80057,50,"750,1500,3000",1.5,有色金属,有色冶炼加工,NULL,NULL,NULL,福建省,1
2227,sh600717,天津港,"2015-02-19 00:00:00",167435,60,167435,60,"750,1500,3000",1.5,交通运输,港口航运,NULL,NULL,NULL,天津市,1
2228,sh600718,东软集团,"2015-02-19 00:00:00",122795,48,122795,48,"750,1500,3000",1.5,信息服务,计算机应用,NULL,NULL,NULL,辽宁省,1
2234,sh600724,宁波富达,"2015-02-19 00:00:00",144530,83,144495,83,"750,1500,3000",1.5,房地产,房地产开发,NULL,NULL,NULL,浙江省,1
2236,sh600726,华电能源,"2015-02-19 00:00:00",196700,11,115207,48,"750,1500,3000",1.5,公用事业,电力,NULL,NULL,NULL,黑龙江省,1
2246,sh600736,苏州高新,"2015-02-19 00:00:00",105793,45,105793,45,"750,1500,3000",1.5,房地产,房地产开发,NULL,NULL,NULL,江苏省,1
2247,sh600737,中粮屯河,"2015-02-19 00:00:00",205214,56,132281,71,"750,1500,3000",1.5,农林牧渔,农产品加工,NULL,NULL,NULL,新疆维吾尔自治区,1
2249,sh600739,辽宁成大,"2015-02-19 00:00:00",142984,21,136439,23,"750,1500,3000",1.5,商业贸易,贸易,NULL,NULL,NULL,辽宁省,1
2251,sh600741,华域汽车,"2015-02-19 00:00:00",258357,67,258357,67,"750,1500,3000",1.5,交运设备,汽车零部件,NULL,NULL,NULL,上海市,1
2253,sh600743,华远地产,"2015-02-19 00:00:00",181729,79,181729,79,"750,1500,3000",1.5,房地产,房地产开发,NULL,NULL,NULL,北京市,1
2257,sh600747,大连控股,"2015-02-19 00:00:00",146448,17,106470,40,"750,1500,3000",1.5,金融服务,保险及其他,NULL,NULL,NULL,辽宁省,1
2258,sh600748,上实发展,"2015-02-19 00:00:00",108351,70,108351,70,"750,1500,3000",1.5,房地产,房地产开发,NULL,NULL,NULL,上海市,1
2264,sh600755,厦门国贸,"2015-02-19 00:00:00",166415,34,166415,34,"750,1500,3000",1.5,商业贸易,贸易,NULL,NULL,NULL,福建省,1
2266,sh600757,长江传媒,"2015-02-19 00:00:00",121385,33,52409,70,"750,1500,3000",1.5,信息服务,传媒,NULL,NULL,NULL,湖北省,1
2268,sh600759,洲际油气,"2015-02-19 00:00:00",122003,46,121603,46,"750,1500,3000",1.5,综合,综合,NULL,NULL,NULL,海南省,1
2278,sh600770,综艺股份,"2015-02-19 00:00:00",130008,43,110481,52,"750,1500,3000",1.5,电子,半导体及元件,NULL,NULL,NULL,江苏省,1
2283,sh600776,东方通信,"2015-02-19 00:00:00",125624,57,125624,57,"750,1500,3000",1.5,信息设备,通信设备,NULL,NULL,NULL,浙江省,1
2287,sh600780,通宝能源,"2015-02-19 00:00:00",114676,64,114676,64,"750,1500,3000",1.5,公用事业,电力,NULL,NULL,NULL,山西省,1
2289,sh600782,新钢股份,"2015-02-19 00:00:00",139366,86,139349,86,"750,1500,3000",1.5,黑色金属,钢铁,NULL,NULL,NULL,江西省,1
2293,sh600787,中储股份,"2015-02-19 00:00:00",186001,51,168045,55,"750,1500,3000",1.5,交通运输,物流,NULL,NULL,NULL,天津市,1
2305,sh600801,华新水泥,"2015-02-19 00:00:00",149650,65,141502,67,"750,1500,3000",1.5,建筑材料,建筑材料,NULL,NULL,NULL,湖北省,1
2308,sh600804,鹏博士,"2015-02-19 00:00:00",139337,27,134289,26,"750,1500,3000",1.5,信息服务,通信服务,NULL,NULL,NULL,四川省,1
2315,sh600811,东方集团,"2015-02-19 00:00:00",166718,32,166718,32,"750,1500,3000",1.5,综合,综合,NULL,NULL,NULL,黑龙江省,1
2316,sh600812,华北制药,"2015-02-19 00:00:00",163096,37,102832,60,"750,1500,3000",1.5,医药生物,化学制药,NULL,NULL,NULL,河北省,1
2323,sh600820,隧道股份,"2015-02-19 00:00:00",284821,41,202292,58,"750,1500,3000",1.5,建筑材料,建筑装饰,NULL,NULL,NULL,上海市,1
2326,sh600823,世茂股份,"2015-02-19 00:00:00",117055,77,117055,77,"750,1500,3000",1.5,房地产,房地产开发,NULL,NULL,NULL,上海市,1
2328,sh600825,新华传媒,"2015-02-19 00:00:00",104500,59,104500,59,"750,1500,3000",1.5,信息服务,传媒,NULL,NULL,NULL,上海市,1
2330,sh600827,百联股份,"2015-02-19 00:00:00",172256,52,172256,52,"750,1500,3000",1.5,商业贸易,零售,NULL,NULL,NULL,上海市,1
2335,sh600832,东方明珠,"2015-02-19 00:00:00",318644,61,318644,61,"750,1500,3000",1.5,信息服务,传媒,NULL,NULL,NULL,上海市,1
2338,sh600835,上海机电,"2015-02-19 00:00:00",102261,54,102261,54,"750,1500,3000",1.5,机械设备,专用设备,NULL,NULL,NULL,上海市,1
2342,sh600839,四川长虹,"2015-02-19 00:00:00",461491,31,460699,31,"750,1500,3000",1.5,家用电器,视听器材,NULL,NULL,NULL,四川省,1
2351,sh600851,海欣股份,"2015-02-19 00:00:00",120577,20,120577,20,"750,1500,3000",1.5,综合,综合,NULL,NULL,NULL,上海市,1
2366,sh600867,通化东宝,"2015-02-19 00:00:00",102984,47,102437,47,"750,1500,3000",1.5,医药生物,生物制品,NULL,NULL,NULL,吉林省,1
2367,sh600868,梅雁吉祥,"2015-02-19 00:00:00",189416,6,189416,6,"750,1500,3000",1.5,公用事业,电力,NULL,NULL,NULL,广东省,1
2372,sh600873,梅花生物,"2015-02-19 00:00:00",310847,66,310847,66,"750,1500,3000",1.5,食品饮料,食品加工制造,NULL,NULL,NULL,西藏自治区,1
2373,sh600874,创业环保,"2015-02-19 00:00:00",206661,53,206661,53,"750,1500,3000",1.5,公用事业,燃气水务,NULL,NULL,NULL,天津市,1
2374,sh600875,东方电气,"2015-02-19 00:00:00",200375,69,200375,69,"750,1500,3000",1.5,机械设备,电气设备,NULL,NULL,NULL,四川省,1
2377,sh600879,航天电子,"2015-02-19 00:00:00",103942,35,103942,35,"750,1500,3000",1.5,国防军工,国防军工,NULL,NULL,NULL,湖北省,1
2378,sh600880,博瑞传播,"2015-02-19 00:00:00",109331,7,66334,39,"750,1500,3000",1.5,信息服务,传媒,NULL,NULL,NULL,四川省,1
2379,sh600881,亚泰集团,"2015-02-19 00:00:00",189520,27,189520,27,"750,1500,3000",1.5,建筑材料,建筑材料,NULL,NULL,NULL,吉林省,1
2385,sh600887,伊利股份,"2015-02-19 00:00:00",306592,22,300703,23,"750,1500,3000",1.5,食品饮料,食品加工制造,NULL,NULL,NULL,内蒙古自治区,1
2391,sh600893,中航动力,"2015-02-19 00:00:00",194881,59,108651,68,"750,1500,3000",1.5,国防军工,国防军工,NULL,NULL,NULL,陕西省,1
2393,sh600895,张江高科,"2015-02-19 00:00:00",154885,56,154885,56,"750,1500,3000",1.5,房地产,园区开发,NULL,NULL,NULL,上海市,1
2398,sh600917,重庆燃气,"2015-02-19 00:00:00",157280,2,15836,89,"750,1500,3000",1.5,公用事业,燃气水务,NULL,NULL,NULL,重庆市,1
2402,sh600963,岳阳林纸,"2015-02-19 00:00:00",104328,32,84333,45,"750,1500,3000",1.5,轻工制造,造纸,NULL,NULL,NULL,湖南省,1
2407,sh600970,中材国际,"2015-02-19 00:00:00",109344,65,109344,65,"750,1500,3000",1.5,建筑材料,建筑装饰,NULL,NULL,NULL,江苏省,1
2412,sh600978,宜华木业,"2015-02-19 00:00:00",148284,30,148284,30,"750,1500,3000",1.5,轻工制造,家用轻工,NULL,NULL,NULL,广东省,1
2427,sh600997,开滦股份,"2015-02-19 00:00:00",123468,59,123468,59,"750,1500,3000",1.5,采掘,煤炭开采,NULL,NULL,NULL,河北省,1
2428,sh600998,九州通,"2015-02-19 00:00:00",164310,81,142044,77,"750,1500,3000",1.5,医药生物,医药商业,NULL,NULL,NULL,湖北省,1
2430,sh601000,唐山港,"2015-02-19 00:00:00",203061,67,203061,67,"750,1500,3000",1.5,交通运输,港口航运,NULL,NULL,NULL,河北省,1
2431,sh601001,大同煤业,"2015-02-19 00:00:00",167298,61,167326,61,"750,1500,3000",1.5,采掘,煤炭开采,NULL,NULL,NULL,山西省,1
2433,sh601003,柳钢股份,"2015-02-19 00:00:00",256244,84,256244,84,"750,1500,3000",1.5,黑色金属,钢铁,NULL,NULL,NULL,广西壮族自治区,1
2437,sh601008,连云港,"2015-02-19 00:00:00",101518,52,81137,62,"750,1500,3000",1.5,交通运输,港口航运,NULL,NULL,NULL,江苏省,1
2438,sh601009,南京银行,"2015-02-19 00:00:00",296852,47,296852,47,"750,1500,3000",1.5,金融服务,银行,NULL,NULL,NULL,江苏省,1
2443,sh601016,节能风电,"2015-02-19 00:00:00",177788,2,17402,90,"750,1500,3000",1.5,公用事业,电力,NULL,NULL,NULL,北京市,1
2451,sh601098,中南传媒,"2015-02-19 00:00:00",179634,74,179634,74,"750,1500,3000",1.5,信息服务,传媒,NULL,NULL,NULL,湖南省,1
2452,sh601099,太平洋,"2015-02-19 00:00:00",235417,37,165322,43,"750,1500,3000",1.5,金融服务,证券,NULL,NULL,NULL,云南省,1
2454,sh601101,昊华能源,"2015-02-19 00:00:00",119998,67,119998,67,"750,1500,3000",1.5,采掘,煤炭开采,NULL,NULL,NULL,北京市,1
2456,sh601107,四川成渝,"2015-02-19 00:00:00",305814,84,305814,84,"750,1500,3000",1.5,交通运输,公路铁路运输,NULL,NULL,NULL,四川省,1
2460,sh601117,中国化学,"2015-02-19 00:00:00",493263,74,493263,74,"750,1500,3000",1.5,建筑材料,建筑装饰,NULL,NULL,NULL,北京市,1
2461,sh601118,海南橡胶,"2015-02-19 00:00:00",393042,74,393042,74,"750,1500,3000",1.5,农林牧渔,种植业与林业,NULL,NULL,NULL,,1
2464,sh601139,深圳燃气,"2015-02-19 00:00:00",198083,87,190409,87,"750,1500,3000",1.5,公用事业,燃气水务,NULL,NULL,NULL,广东省,1
2465,sh601158,重庆水务,"2015-02-19 00:00:00",480004,90,480004,90,"750,1500,3000",1.5,公用事业,燃气水务,NULL,NULL,NULL,重庆市,1
2467,sh601168,西部矿业,"2015-02-19 00:00:00",238172,35,238172,35,"750,1500,3000",1.5,有色金属,有色冶炼加工,NULL,NULL,NULL,青海省,1
2472,sh601188,龙江交通,"2015-02-19 00:00:00",131600,68,121312,71,"750,1500,3000",1.5,交通运输,公路铁路运输,NULL,NULL,NULL,黑龙江省,1
2475,sh601216,内蒙君正,"2015-02-19 00:00:00",204789,77,204842,77,"750,1500,3000",1.5,化工,基础化学,NULL,NULL,NULL,内蒙古自治区,1
2480,sh601231,环旭电子,"2015-02-19 00:00:00",101190,31,10679,92,"750,1500,3000",1.5,电子,电子制造,NULL,NULL,NULL,上海市,1
2483,sh601258,庞大集团,"2015-02-19 00:00:00",262198,65,262198,65,"750,1500,3000",1.5,交运设备,交运设备服务,NULL,NULL,NULL,河北省,1
2491,sh601336,新华保险,"2015-02-19 00:00:00",311975,83,213473,87,"750,1500,3000",1.5,金融服务,保险及其他,NULL,NULL,NULL,北京市,1
2493,sh601369,陕鼓动力,"2015-02-19 00:00:00",163897,73,163897,73,"750,1500,3000",1.5,机械设备,通用设备,NULL,NULL,NULL,陕西省,1
2498,sh601515,东风股份,"2015-02-19 00:00:00",111207,13,16945,86,"750,1500,3000",1.5,轻工制造,包装印刷,NULL,NULL,NULL,广东省,1
2499,sh601518,吉林高速,"2015-02-19 00:00:00",121317,68,121317,68,"750,1500,3000",1.5,交通运输,公路铁路运输,NULL,NULL,NULL,吉林省,1
2500,sh601519,大智慧,"2015-02-19 00:00:00",198759,69,198759,69,"750,1500,3000",1.5,信息服务,计算机应用,NULL,NULL,NULL,上海市,1
2501,sh601555,东吴证券,"2015-02-19 00:00:00",270101,30,122079,54,"750,1500,3000",1.5,金融服务,证券,NULL,NULL,NULL,江苏省,1
2506,sh601588,北辰实业,"2015-02-19 00:00:00",489179,45,489179,45,"750,1500,3000",1.5,房地产,房地产开发,NULL,NULL,NULL,北京市,1
2510,sh601607,上海医药,"2015-02-19 00:00:00",434678,45,434678,45,"750,1500,3000",1.5,医药生物,医药商业,NULL,NULL,NULL,上海市,1
2511,sh601608,中信重工,"2015-02-19 00:00:00",273950,25,75255,79,"750,1500,3000",1.5,机械设备,专用设备,NULL,NULL,NULL,河南省,1
2515,sh601633,长城汽车,"2015-02-19 00:00:00",479922,58,479922,58,"750,1500,3000",1.5,交运设备,汽车整车,NULL,NULL,NULL,河北省,1
2517,sh601666,平煤股份,"2015-02-19 00:00:00",236167,59,236167,59,"750,1500,3000",1.5,采掘,煤炭开采,NULL,NULL,NULL,河南省,1
2523,sh601699,潞安环能,"2015-02-19 00:00:00",230101,66,230101,66,"750,1500,3000",1.5,采掘,煤炭开采,NULL,NULL,NULL,山西省,1
2525,sh601717,郑煤机,"2015-02-19 00:00:00",226183,38,226183,38,"750,1500,3000",1.5,机械设备,专用设备,NULL,NULL,NULL,河南省,1
2526,sh601718,际华集团,"2015-02-19 00:00:00",385686,70,385686,70,"750,1500,3000",1.5,纺织服装,服装家纺,NULL,NULL,NULL,北京市,1
2529,sh601777,力帆股份,"2015-02-19 00:00:00",100821,74,95128,67,"750,1500,3000",1.5,交运设备,汽车整车,NULL,NULL,NULL,重庆市,1
2530,sh601788,光大证券,"2015-02-19 00:00:00",341820,73,341820,73,"750,1500,3000",1.5,金融服务,证券,NULL,NULL,NULL,上海市,1
2536,sh601808,中海油服,"2015-02-19 00:00:00",477077,91,477077,91,"750,1500,3000",1.5,采掘,采掘服务,NULL,NULL,NULL,天津市,1
2540,sh601872,招商轮船,"2015-02-19 00:00:00",472223,66,377633,73,"750,1500,3000",1.5,交通运输,港口航运,NULL,NULL,NULL,上海市,1
2541,sh601877,正泰电器,"2015-02-19 00:00:00",100832,80,100832,80,"750,1500,3000",1.5,机械设备,电气设备,NULL,NULL,NULL,浙江省,1
2542,sh601880,大连港,"2015-02-19 00:00:00",442775,80,442608,80,"750,1500,3000",1.5,交通运输,港口航运,NULL,NULL,NULL,辽宁省,1
2543,sh601886,江河创建,"2015-02-19 00:00:00",115415,70,112003,71,"750,1500,3000",1.5,建筑材料,建筑装饰,NULL,NULL,NULL,北京市,1
2550,sh601918,国投新集,"2015-02-19 00:00:00",258981,65,258981,65,"750,1500,3000",1.5,采掘,煤炭开采,NULL,NULL,NULL,安徽省,1
2552,sh601928,凤凰传媒,"2015-02-19 00:00:00",254485,11,65885,77,"750,1500,3000",1.5,信息服务,传媒,NULL,NULL,NULL,江苏省,1
2553,sh601929,吉视传媒,"2015-02-19 00:00:00",146778,38,86624,61,"750,1500,3000",1.5,信息服务,通信服务,NULL,NULL,NULL,吉林省,1
2554,sh601933,永辉超市,"2015-02-19 00:00:00",325349,59,307218,61,"750,1500,3000",1.5,商业贸易,零售,NULL,NULL,NULL,福建省,1
2556,sh601958,金钼股份,"2015-02-19 00:00:00",322715,80,322715,80,"750,1500,3000",1.5,有色金属,有色冶炼加工,NULL,NULL,NULL,陕西省,1
2579,sh603077,和邦股份,"2015-02-19 00:00:00",101103,18,30007,75,"750,1500,3000",1.5,化工,基础化学,NULL,NULL,NULL,四川省,1
2593,sh603288,海天味业,"2015-02-19 00:00:00",149720,17,14970,79,"750,1500,3000",1.5,食品饮料,食品加工制造,NULL,NULL,NULL,广东省,1
